name,libAuth,lefRit,quadrant
/u/_alternate_ending_,[-7.394957983193278],[5.630252100840337],LibRight
/u/_b0b4_f3tt_,[-6.875],[7.5],LibRight
/u/_B0b4_F3tt_,[-8.74074074074074],[9.555555555555555],LibRight
/u/_downwinds_,[9.908256880733944],[-7.155963302752293],AuthLeft
/u/_norwegian_wood,[6.705882352941177],[-10.0],AuthLeft
/u/123_e,[9.166666666666666],[8.333333333333334],AuthRight
/u/1s2_2s2_2p6_3s1,[-9.282178217821782],[9.282178217821782],LibRight
/u/1tardis2rulethemall,[1.0586206896551724],[8.313793103448276],RightUnity
/u/31m0,[-10.0],[10.0],LibRight
/u/3-20_Characters83,[-1.4459930313588851],[-9.111498257839722],LeftUnity
/u/372x4,[0.219256434699714],[-8.94184938036225],LeftUnity
/u/666peacekeepagirl,[-1.141304347826087],[-9.597826086956522],LeftUnity
/u/87degreesinphoenix,[-3.3229813664596275],[-9.875776397515528],LibLeft
/u/9_speeds,[-10.0],[10.0],LibRight
/u/A_Becker,[1.8530351437699681],[-8.945686900958467],LeftUnity
/u/aartbabe69,[-0.54421768707483],[-9.931972789115646],LeftUnity
/u/abstractedman,[-1.5925925925925926],[-8.74074074074074],LeftUnity
/u/acaellum,[0.27472527472527475],[-2.967032967032967],Centrist
/u/acreativename-,[-9.168900804289544],[-9.088471849865952],LibLeft
/u/ActuallySankara,[0.3133568350959655],[-7.602820211515864],LeftUnity
/u/adriano_gunny,[-10.0],[10.0],LibRight
/u/aesthetic_laker_fan,[9.351050679851669],[9.406674907292954],AuthRight
/u/aew3,[-3.8980891719745223],[-9.97452229299363],LibLeft
/u/Ahumanbeingpi,[-2.1800947867298577],[-1.1848341232227488],Centrist
/u/ajax1113,[-5.638709677419355],[-9.896774193548387],LibLeft
/u/ajaxhero77,[8.095238095238095],[10.0],AuthRight
/u/alarmedscholar,[-0.008502567121226986],[-9.963373557016252],LeftUnity
/u/alex09464367,[-8.190045248868778],[-9.306184012066366],LibLeft
/u/Alkiaris,[-0.3182125930941097],[-7.758970886932972],LeftUnity
/u/alt170alt95alt170,[-0.11904761904761904],[-7.976190476190476],LeftUnity
/u/alterexolol,[-4.1441441441441444],[-9.63963963963964],LibLeft
/u/amazingmold46,[-4.0],[-2.0],LibUnity
/u/AmberBake1025,[-7.2709551656920075],[-10.0],LibLeft
/u/an_anonymous_oyster,[10.0],[10.0],AuthRight
/u/anakin_i_am_high,[8.571428571428571],[-10.0],AuthLeft
/u/anarchocommunism,[-2.24927775484936],[-9.579034255055715],LeftUnity
/u/anaveragerussianspy,[5.0],[-10.0],AuthLeft
/u/angelbudgie,[-3.0864197530864197],[-9.950617283950617],LibLeft
/u/anglogang,[0.14705882352941177],[6.96078431372549],RightUnity
/u/anterwo,[8.018018018018019],[-10.0],AuthLeft
/u/aocsfeetpics,[1.9405320813771518],[-9.697443922796035],LeftUnity
/u/apatheticaxolotl,[-1.0526315789473684],[0.5263157894736842],Centrist
/u/aperture_client,[0.43261231281198004],[1.1480865224625625],Centrist
/u/apexliberty,[-10.0],[10.0],LibRight
/u/arahad2,[-0.030959752321981424],[0.030959752321981424],Centrist
/u/Archivist_of_Lewds,[0.35790980672870437],[-9.157718921498448],LeftUnity
/u/areq13,[-2.428905988624958],[-8.260287721646035],LeftUnity
/u/asentientgrape,[-0.07575757575757576],[-1.994949494949495],Centrist
/u/ashyaspen,[0.9302325581395349],[-2.764857881136951],Centrist
/u/augie279,[-6.317907444668008],[-10.0],LibLeft
/u/awesomedinos1,[2.0454545454545454],[6.818181818181818],RightUnity
/u/Ayenotes,[0.20635575732562939],[0.20635575732562939],Centrist
/u/ayenotes,[0.33292231812577067],[0.33292231812577067],Centrist
/u/Azi_Minsky,[-0.5333333333333333],[4.133333333333334],RightUnity
/u/b0geyb0gey,[0.08955223880597014],[0.208955223880597],Centrist
/u/Balkanisagod,[3.2203389830508473],[3.2203389830508473],AuthRight
/u/bankstax,[3.884297520661157],[-9.421487603305785],AuthLeft
/u/BanteredRho,[-0.18292682926829268],[8.902439024390244],RightUnity
/u/basketfullofcrackers,[-3.9622641509433962],[-10.0],LibLeft
/u/bat_cat_with_a_hat,[0.6451612903225806],[-9.35483870967742],LeftUnity
/u/Beanie_Inki,[8.336134453781513],[8.873949579831933],AuthRight
/u/beansprout_69,[-6.408759124087592],[-9.854014598540147],LibLeft
/u/benevolent_io,[-9.609375],[10.0],LibRight
/u/big_dan69,[-2.2777777777777777],[8.833333333333334],RightUnity
/u/bigblackbobbyb,[-7.147335423197492],[-10.0],LibLeft
/u/bigboi1310,[3.4389691798711475],[-9.838063729757966],AuthLeft
/u/bigmthstrikesagain,[-2.3076923076923075],[-9.145299145299145],LeftUnity
/u/bigstr0keyn0nce,[10.0],[10.0],AuthRight
/u/bilbo20003,[3.130434782608696],[3.391304347826087],AuthRight
/u/Billsmafia6912,[0.2497398543184183],[-8.709677419354838],LeftUnity
/u/birb_from_botd,[3.5714285714285716],[1.4285714285714286],AuthUnity
/u/blackcatfoxrabbit,[-7.46517159361196],[-9.850492694529391],LibLeft
/u/bladerunnerjulez,[0.6398104265402843],[5.639810426540285],RightUnity
/u/blex_apachiii,[0.5785123966942148],[5.454545454545454],RightUnity
/u/blue7119,[3.6129032258064515],[1.6129032258064515],AuthUnity
/u/boogeyman469,[9.408658922914467],[-0.3801478352692714],AuthUnity
/u/boonatonnn,[0.2777777777777778],[-9.444444444444445],LeftUnity
/u/Borkerman,[6.056338028169014],[9.014084507042254],AuthRight
/u/bownonb,[-8.461538461538462],[-10.0],LibLeft
/u/boxcarbandit,[7.935627081021088],[7.935627081021088],AuthRight
/u/boxfromhomedepot,[-0.0398406374501992],[8.685258964143426],RightUnity
/u/Breadstick4,[1.5441176470588236],[8.970588235294118],RightUnity
/u/bromacusii,[2.9347826086956523],[-8.478260869565217],LeftUnity
/u/brosilllybro,[-1.7334064728469556],[-9.961601755348328],LeftUnity
/u/bshafs,[-0.4098360655737705],[-1.8032786885245902],Centrist
/u/bukanir,[0.1906058543226685],[-8.631722260040844],LeftUnity
/u/bulbmin66,[8.0],[7.842696629213483],AuthRight
/u/bulletfreak,[-5.758564437194127],[-9.608482871125611],LibLeft
/u/Cadavage,[3.3766233766233764],[5.324675324675325],AuthRight
/u/callouscoroner,[1.586021505376344],[-9.327956989247312],LeftUnity
/u/calvin7421,[5.564853556485356],[-10.0],AuthLeft
/u/cameron653,[0.00796812749003984],[-9.776892430278885],LeftUnity
/u/canadianwildwolf,[-0.01256281407035176],[-9.93718592964824],LeftUnity
/u/cancerplague_doctor,[-1.7391304347826086],[4.782608695652174],RightUnity
/u/candrewk,[-8.790035587188612],[8.754448398576512],LibRight
/u/capn_max,[2.387448840381992],[-9.986357435197817],LeftUnity
/u/CaptainCfo,[0.18181818181818182],[-8.20979020979021],LeftUnity
/u/CaracolLP,[-7.7134986225895315],[-10.0],LibLeft
/u/cardsrevenge,[1.3867924528301887],[-8.830188679245284],LeftUnity
/u/cargunbeer,[-0.5472636815920398],[-9.92039800995025],LeftUnity
/u/carsausage,[-10.0],[-10.0],LibLeft
/u/chainbreaker1981,[8.181818181818182],[10.0],AuthRight
/u/champion_luck,[-3.553719008264463],[-10.0],LibLeft
/u/ChanceCurrent,[-2.5724381625441697],[-9.982010921940251],LeftUnity
/u/Chanceral,[-0.3111111111111111],[-9.955555555555556],LeftUnity
/u/Channelception,[10.0],[-9.0],AuthLeft
/u/cheepcheepchompyt,[5.943396226415095],[6.226415094339623],AuthRight
/u/cheestake,[-0.5238938053097345],[-9.964601769911505],LeftUnity
/u/Chopersky4codyslab,[0.24390243902439024],[6.097560975609756],RightUnity
/u/chosenone-,[6.133333333333334],[2.533333333333333],AuthUnity
/u/chrrmin,[5.331491712707182],[-5.745856353591161],AuthLeft
/u/cityfan4,[-2.9508196721311477],[6.311475409836065],RightUnity
/u/CityFan4,[-2.9464285714285716],[6.517857142857143],RightUnity
/u/-CJED-,[3.8636363636363638],[-2.9545454545454546],AuthUnity
/u/clemens909,[-3.230466185160867],[-7.642810242941563],LibLeft
/u/clownonabike,[-3.2899628252788102],[-9.758364312267657],LibLeft
/u/cmhng,[-5.314861460957179],[8.035264483627204],LibRight
/u/coletr11,[6.0],[6.8],AuthRight
/u/comatoseMob,[-0.09610764055742431],[-9.990389235944258],LeftUnity
/u/commandercody95,[-3.5416666666666665],[1.4583333333333333],LibUnity
/u/commissionertadpole,[-8.05859872611465],[-10.0],LibLeft
/u/comradez42,[-1.2536183478067247],[-9.804052549543531],LeftUnity
/u/conmattang,[-1.8129770992366412],[-2.7099236641221376],Centrist
/u/contagiousdeathguard,[-10.0],[-10.0],LibLeft
/u/coorleak,[6.666666666666667],[3.3333333333333335],AuthRight
/u/coralinaassreaper,[-9.599083619702176],[5.486827033218786],LibRight
/u/CoralinaAssReaper,[-9.380234505862646],[6.365159128978225],LibRight
/u/cptn_jtk,[1.7647058823529411],[-7.176470588235294],LeftUnity
/u/cpuchy12,[-8.740554156171285],[7.984886649874055],LibRight
/u/creeping-n-peeping,[-2.8260869565217392],[1.9565217391304348],Centrist
/u/crimestopper312,[0.9939337377508166],[9.911339244050396],RightUnity
/u/croakertheliberator,[0.18779342723004694],[-8.12206572769953],LeftUnity
/u/crosroad,[0.24816176470588236],[-8.584558823529411],LeftUnity
/u/crowsbe4hos,[-0.06329113924050633],[-9.873417721518987],LeftUnity
/u/Cuddlyaxe,[-0.008020532563362208],[-0.06256015399422522],Centrist
/u/cultr0,[0.8870967741935484],[-0.967741935483871],Centrist
/u/cumpassmemes,[0.12195121951219512],[6.341463414634147],RightUnity
/u/cupcakesfrommars,[-5.642388246326977],[-9.615504845264145],LibLeft
/u/-cyberjelly-,[-9.44],[-9.84],LibLeft
/u/cyclopher6971,[-0.007867820613690008],[-9.878048780487806],LeftUnity
/u/cyoobvertex,[-6.4072847682119205],[-9.602649006622517],LibLeft
/u/d9ucjc,[0.10332950631458095],[-0.24110218140068887],Centrist
/u/daeronryuujin,[10.0],[-10.0],AuthLeft
/u/dan_from_japan,[6.434927697441601],[-10.0],AuthLeft
/u/Dan_From_Japan,[6.456605859590934],[-10.0],AuthLeft
/u/dark_enlighted,[0.37037037037037035],[5.555555555555555],RightUnity
/u/darkescaflowne,[-2.3728813559322033],[2.0338983050847457],Centrist
/u/darksidesith201,[1.6101694915254237],[2.2033898305084745],Centrist
/u/darkvadek,[-4.838709677419355],[-8.132427843803056],LibLeft
/u/darth_ronin,[0.3697374553363368],[-9.860183315208948],LeftUnity
/u/dasnap,[-10.0],[-10.0],LibLeft
/u/DatBorizTho,[-8.157894736842104],[-9.473684210526315],LibLeft
/u/davey914,[0.7934508816120907],[-8.110831234256928],LeftUnity
/u/daytona_dreams,[-10.0],[10.0],LibRight
/u/deaddit64,[-8.795546558704453],[8.795546558704453],LibRight
/u/deathinthemine,[-10.0],[-10.0],LibLeft
/u/deepgill2000,[4.183864915572233],[8.49906191369606],AuthRight
/u/deltervees,[-9.344262295081966],[9.344262295081966],LibRight
/u/DemocraticPoisonPill,[0.13392857142857142],[3.392857142857143],RightUnity
/u/depliko,[-9.705882352941176],[9.607843137254902],LibRight
/u/dePliko,[-9.803921568627452],[9.705882352941176],LibRight
/u/der_sanitator,[10.0],[10.0],AuthRight
/u/derpcranberry,[0.20833333333333334],[-9.583333333333334],LeftUnity
/u/DevWolf59,[5.1063829787234045],[7.0212765957446805],AuthRight
/u/dickvonklein,[8.520833333333334],[8.083333333333334],AuthRight
/u/dirtyben2010,[0.021231422505307854],[-9.617834394904458],LeftUnity
/u/djt159,[7.835051546391752],[6.907216494845361],AuthRight
/u/dlmj816,[-0.035738217556399374],[-9.960911324547688],LeftUnity
/u/dmikulic,[0.2702702702702703],[-8.91891891891892],LeftUnity
/u/dodlec,[-8.526315789473685],[7.052631578947368],LibRight
/u/DogmaticPragmatism,[-0.10535557506584724],[-1.1150131694468832],Centrist
/u/DontBuyMeGoldGiveBTC,[-6.936619718309859],[7.253521126760563],LibRight
/u/dontdomarmalade,[-10.0],[-10.0],LibLeft
/u/dontlikemath,[4.1371681415929205],[-9.712389380530974],AuthLeft
/u/Doomguy46_,[-4.7368421052631575],[-3.6842105263157894],LibLeft
/u/doubty-doggo,[1.2568306010928962],[-8.032786885245901],LeftUnity
/u/DPurp4,[0.18914583611816602],[-9.99933164015506],LeftUnity
/u/dpurp4,[0.18831385642737897],[-9.999332220367279],LeftUnity
/u/draconiandebate,[8.734622144112478],[8.172231985940247],AuthRight
/u/dragon_cat_,[-10.0],[-10.0],LibLeft
/u/dragon472ftw,[8.767123287671232],[9.58904109589041],AuthRight
/u/dragon7402official,[-9.144385026737968],[8.983957219251337],LibRight
/u/dragonhunter970,[-4.027149321266968],[7.51131221719457],LibRight
/u/dreadlord64,[-9.81981981981982],[-9.922779922779922],LibLeft
/u/dr-jellybaby,[3.986013986013986],[-6.783216783216783],AuthLeft
/u/drmozzarella,[-5.328611898016997],[-9.98300283286119],LibLeft
/u/drnoided,[-6.342725704427832],[0.58654399079931],LibUnity
/u/droneofdoom,[-1.1815832746065305],[-9.849659384543106],LeftUnity
/u/drshitpostmdjdphdmba,[0.21798365122615804],[-9.455040871934605],LeftUnity
/u/dunk_may_mays,[-2.2359015091342336],[-9.555202541699762],LeftUnity
/u/e_l_i_s_e,[-10.0],[-10.0],LibLeft
/u/eatcake9,[-1.1764705882352942],[-9.576470588235294],LeftUnity
/u/EcBatLFC,[-1.7902813299232736],[-8.76385336743393],LeftUnity
/u/edgar_allan_potato,[-5.555555555555555],[-10.0],LibLeft
/u/edwardinator,[-1.3953488372093024],[-9.767441860465116],LeftUnity
/u/effectivepineapple2,[1.256198347107438],[9.50413223140496],RightUnity
/u/eggreversecard,[0.24691358024691357],[0.24691358024691357],Centrist
/u/eibsirf,[-9.78494623655914],[9.56989247311828],LibRight
/u/ELNP,[9.805013927576601],[9.832869080779945],AuthRight
/u/e-maz1ng,[8.0],[-8.105263157894736],AuthLeft
/u/ephebobot,[-0.8843537414965986],[-7.891156462585034],LeftUnity
/u/epicalbeb,[-5.719424460431655],[-10.0],LibLeft
/u/epilepsygang,[-1.2123893805309736],[-9.769911504424778],LeftUnity
/u/EQAD18,[-0.03079901443153819],[-9.915522703273496],LeftUnity
/u/erroneousveritas,[-0.44921875],[-9.27734375],LeftUnity
/u/espeonagee,[-2.5],[-9.5],LeftUnity
/u/eswtf,[-1.2564102564102564],[-9.846153846153847],LeftUnity
/u/eugaliptas,[9.893617021276595],[-10.0],AuthLeft
/u/ev0lv,[-1.2388503468780971],[-7.596630327056491],LeftUnity
/u/Eva_TryNotBeinRacist,[3.829113924050633],[6.7405063291139244],AuthRight
/u/EvilPhd666,[-0.011856770215793217],[-9.943087502964193],LeftUnity
/u/evytheredditor,[-0.10932944606413994],[-9.927113702623906],LeftUnity
/u/existzence,[0.5882352941176471],[0.5882352941176471],Centrist
/u/expendabletome,[-9.985697940503432],[-9.988558352402746],LibLeft
/u/ExpendableToMe,[-9.989845138359989],[-9.989845138359989],LibLeft
/u/fade_t0_black,[7.972270363951473],[7.192374350086655],AuthRight
/u/faguzzi,[0.08138351983723296],[3.2248219735503563],RightUnity
/u/-fancyusername-,[-5.660377358490566],[-5.471698113207547],LibLeft
/u/farahad,[0.15444015444015444],[-9.613899613899614],LeftUnity
/u/farrightextremist,[9.666666666666666],[8.519480519480519],AuthRight
/u/Fascinax,[2.271386430678466],[-9.056047197640117],LeftUnity
/u/fatmanhasarisen,[-10.0],[-10.0],LibLeft
/u/FCK12_13,[-3.4698210494388837],[-8.380345768880801],LibLeft
/u/fdibssr,[-6.012658227848101],[6.075949367088608],LibRight
/u/feignapathy,[0.22657342657342658],[-9.983216783216783],LeftUnity
/u/felno1r,[-10.0],[-10.0],LibLeft
/u/felnoir,[10.0],[10.0],AuthRight
/u/fenbekus,[-8.74141876430206],[-9.862700228832953],LibLeft
/u/ferjurx,[7.609075043630018],[-9.895287958115183],AuthLeft
/u/ferrettamer,[0.6976744186046512],[-8.604651162790697],LeftUnity
/u/festiveslaad,[-5.730337078651686],[5.056179775280899],LibRight
/u/fevisf,[-0.273972602739726],[4.2465753424657535],RightUnity
/u/Fforluxembourg,[-2.620967741935484],[-9.879032258064516],LeftUnity
/u/fg_remastered,[9.8],[9.6],AuthRight
/u/ficagamer11,[1.0344827586206897],[5.517241379310345],RightUnity
/u/finalattack123,[0.14466546112115733],[-0.759493670886076],Centrist
/u/finnbarrr,[0.0037965072133637054],[-9.472285497342446],LeftUnity
/u/firewomble,[10.0],[10.0],AuthRight
/u/fjeden_alta,[-2.6659209545115585],[-8.702460850111857],LeftUnity
/u/flashmode1,[9.041450777202073],[9.481865284974093],AuthRight
/u/fleudian,[-0.6790123456790124],[-8.908382066276802],LeftUnity
/u/FloydianPropulsion,[-0.05181347150259067],[-9.740932642487047],LeftUnity
/u/flyingpigs12,[4.607843137254902],[9.607843137254902],AuthRight
/u/foeyguy,[-10.0],[10.0],LibRight
/u/forced_memes,[0.19882659713168188],[-9.921773142112125],LeftUnity
/u/forgottenmemes,[9.954965097950913],[9.954965097950913],AuthRight
/u/francesurrenderlol,[3.1578947368421053],[1.7813765182186234],AuthUnity
/u/franklinfuckinmint,[-6.878427787934187],[8.199268738574041],LibRight
/u/fred11551,[0.0708215297450425],[-9.943342776203966],LeftUnity
/u/freedomkomisarhowze,[-2.608389143461403],[-9.584067677123722],LeftUnity
/u/frixxed,[-7.136563876651983],[-9.691629955947137],LibLeft
/u/FukinSukinCukin,[10.0],[10.0],AuthRight
/u/fultirbo,[9.205607476635514],[8.411214953271028],AuthRight
/u/funkygirljulia,[-10.0],[-8.75],LibLeft
/u/funnie_maymayer,[-5.593803786574871],[-9.741824440619622],LibLeft
/u/furryrepublican,[0.8195542774982028],[-1.9051042415528396],Centrist
/u/g_reth,[-3.75],[-3.75],LibLeft
/u/gakrolin,[0.12422360248447205],[-9.627329192546584],LeftUnity
/u/galacticPerson,[-1.1],[-7.8],LeftUnity
/u/galaxyfrauleinkrista,[0.13174890209248255],[-9.884612072677172],LeftUnity
/u/gamerred101,[-3.5714285714285716],[5.714285714285714],LibRight
/u/gargle-greg,[-4.25531914893617],[-6.524822695035461],LibLeft
/u/GARLICSALT45,[-9.387755102040817],[9.183673469387756],LibRight
/u/gavin19,[10.0],[10.0],AuthRight
/u/gb1266,[-0.022744503411675512],[-9.757391963608795],LeftUnity
/u/gbro08,[-0.059461350122420424],[-9.541797831409584],LeftUnity
/u/generalkenobijsf,[5.483870967741935],[5.483870967741935],AuthRight
/u/GeneralKenobiJSF,[5.510204081632653],[5.510204081632653],AuthRight
/u/Get_Out69,[6.0],[2.0],AuthUnity
/u/get-tilted,[-7.470334412081985],[9.805825242718447],LibRight
/u/giggly_nigly,[-1.4655172413793103],[-8.10344827586207],LeftUnity
/u/goddzilla24,[-6.036585365853658],[2.317073170731707],LibUnity
/u/gooblaka1995,[1.5582655826558265],[-9.48509485094851],LeftUnity
/u/grandoz039,[0.5882352941176471],[7.0588235294117645],RightUnity
/u/grasswalker,[-8.148148148148149],[-8.148148148148149],LibLeft
/u/grymrir,[-0.21739130434782608],[-9.565217391304348],LeftUnity
/u/Guilleon,[6.538461538461538],[5.384615384615385],AuthRight
/u/guisuper2,[-9.333333333333334],[8.666666666666666],LibRight
/u/hackedagaindamnit,[0.8333333333333334],[-7.466666666666667],LeftUnity
/u/hahAAsuo,[-8.46195652173913],[8.793478260869565],LibRight
/u/hailcoltrane,[0.9696969696969697],[-7.818181818181818],LeftUnity
/u/hajjr,[5.294117647058823],[9.159663865546218],AuthRight
/u/half_a_carrot,[-2.483494159471813],[-9.969527679024885],LeftUnity
/u/halykan,[-9.941954208319897],[9.941954208319897],LibRight
/u/harrisjb78,[-9.444249649368864],[9.409186535764375],LibRight
/u/hatter_the_mad,[-0.8333333333333334],[10.0],RightUnity
/u/hawkseye17,[-0.0009602458229306702],[-9.94238525062416],LeftUnity
/u/health-safety-bot,[-2.7586206896551726],[0.3448275862068966],Centrist
/u/heckthepolis,[10.0],[10.0],AuthRight
/u/hexthesquare,[10.0],[10.0],AuthRight
/u/hildkiin,[-6.132013201320132],[-10.0],LibLeft
/u/hipsthenerd,[0.5555555555555556],[-8.148148148148149],LeftUnity
/u/hithisreddit,[-6.626506024096385],[-6.626506024096385],LibLeft
/u/hola_ahi,[-9.0],[8.0],LibRight
/u/Homemadeduck102,[-2.681318681318681],[10.0],RightUnity
/u/honeybadgermt,[-9.743589743589743],[9.487179487179487],LibRight
/u/HonoraryMancunian,[-0.43089430894308944],[-9.479674796747968],LeftUnity
/u/hornycassowary,[0.7575757575757576],[-9.696969696969697],LeftUnity
/u/hotf22inurarea,[-0.10582010582010581],[-9.047619047619047],LeftUnity
/u/hrzgoose,[4.439973172367538],[9.932930918846411],AuthRight
/u/humboldtianum,[-5.894736842105263],[-10.0],LibLeft
/u/HumerousUsernamePun,[5.6905210295040805],[-9.78028876333961],AuthLeft
/u/iamanormalhuman-,[2.497938994229184],[-9.950535861500413],LeftUnity
/u/ianbuckjames,[0.13793103448275862],[-8.620689655172415],LeftUnity
/u/Ichkommentiere,[5.0],[2.7777777777777777],AuthUnity
/u/ihatemakingnames,[10.0],[10.0],AuthRight
/u/ijustwantanapple,[6.739130434782608],[6.739130434782608],AuthRight
/u/iknoweverydigitofpi,[2.367986798679868],[-9.801980198019802],LeftUnity
/u/Im_not_original__,[4.833333333333333],[9.666666666666666],AuthRight
/u/imaheteromale,[10.0],[10.0],AuthRight
/u/imperialarchangel,[-0.5005005005005005],[-9.895895895895896],LeftUnity
/u/inconvenience_store,[3.7313432835820897],[-9.253731343283581],AuthLeft
/u/infoyoureallyneed,[10.0],[10.0],AuthRight
/u/infraredit,[-0.5128205128205128],[-9.487179487179487],LeftUnity
/u/intertropical,[3.910133843212237],[-9.980879541108987],AuthLeft
/u/inversalis,[-0.916030534351145],[-1.6030534351145038],Centrist
/u/iorn-56,[-1.1754684838160137],[-9.982964224872232],LeftUnity
/u/IPotatoLord,[-2.5233644859813085],[-9.937694704049845],LeftUnity
/u/irishladdie,[-8.09402332361516],[-9.33673469387755],LibLeft
/u/Irisu-chan,[-5.829059829059829],[-8.683760683760683],LibLeft
/u/isntgonnasuckitself,[-10.0],[-10.0],LibLeft
/u/istartedthewar,[7.945205479452055],[10.0],AuthRight
/u/itcud,[-1.1981566820276497],[-2.8725038402457757],Centrist
/u/i-upvote-truth,[0.00242101440503571],[-9.886212322963322],LeftUnity
/u/ivarsbalodis,[7.073170731707317],[4.146341463414634],AuthRight
/u/IVIaskerade,[2.7586206896551726],[3.5632183908045976],RightUnity
/u/iwaterbuffalo,[10.0],[10.0],AuthRight
/u/jack_sparks_zero,[0.1],[-9.8],LeftUnity
/u/jackweeez,[6.276595744680851],[-10.0],AuthLeft
/u/jacomer2,[-0.04231311706629055],[-2.5740479548660087],Centrist
/u/jaijoles,[0.019470404984423675],[-9.945482866043614],LeftUnity
/u/jakedacatman,[-1.1980033277870217],[-9.633943427620633],LeftUnity
/u/japanesestudentharu,[0.36585365853658536],[-9.085365853658537],LeftUnity
/u/jawminator,[0.16541353383458646],[1.6842105263157894],Centrist
/u/JaxMedoka,[-1.25],[-2.5],Centrist
/u/jayp812,[-0.0532724505327245],[-9.497716894977168],LeftUnity
/u/jayrad333,[4.741100323624596],[9.902912621359222],AuthRight
/u/jeanthedragon,[3.290620194771912],[9.9128651973347],AuthRight
/u/jebadiahthehippie,[-5.865512649800266],[-9.920106524633821],LibLeft
/u/jellyloop,[10.0],[10.0],AuthRight
/u/jellytoastking,[-6.666666666666667],[3.611111111111111],LibRight
/u/jesta23,[-1.7551020408163265],[-1.9591836734693877],Centrist
/u/jitterysupercoffee,[-8.621118012422361],[-9.751552795031056],LibLeft
/u/jjboiofdaworld,[9.655172413793103],[9.310344827586206],AuthRight
/u/johnJanez,[7.175141242937853],[9.548022598870057],AuthRight
/u/jointsystem,[-0.8333333333333334],[-0.7692307692307693],Centrist
/u/jonny-marx,[4.110824742268041],[-9.974226804123711],AuthLeft
/u/jonorsomesayaegon,[0.020833333333333332],[-9.854166666666666],LeftUnity
/u/jpw111,[-0.4639175257731959],[-8.759204712812961],LeftUnity
/u/juanjo356,[5.466666666666667],[-6.28],AuthLeft
/u/juicyjuicebystroke,[-9.596412556053812],[9.282511210762332],LibRight
/u/julibug1,[-7.836879432624113],[-10.0],LibLeft
/u/justanothercg,[3.8461538461538463],[-2.3076923076923075],AuthUnity
/u/Justhereforther34,[-6.538461538461538],[5.384615384615385],LibRight
/u/justmysecondaccount8,[-6.069182389937107],[-9.444444444444445],LibLeft
/u/-jute-,[-0.5413271245634459],[0.3958090803259604],Centrist
/u/k33m_5t4r,[5.626740947075209],[8.272980501392757],AuthRight
/u/karlofsweden,[-4.5],[0.5],LibUnity
/u/karnave,[3.6363636363636362],[6.96969696969697],AuthRight
/u/kch-gaming,[0.5660377358490566],[-7.735849056603773],LeftUnity
/u/kefkai,[-9.253731343283581],[9.00497512437811],LibRight
/u/kekinmemes,[0.5555555555555556],[0.5555555555555556],Centrist
/u/kgb_bendytoe,[-9.583333333333334],[10.0],LibRight
/u/khodor2012,[-0.021274081077886774],[-9.903084741756293],LeftUnity
/u/kids_in_my_basement0,[-2.2535211267605635],[-8.028169014084508],LeftUnity
/u/kieranluke626,[-10.0],[-10.0],LibLeft
/u/kiiasert,[0.016518004625041296],[0.10241162867525602],Centrist
/u/kingdominoiii,[-6.785714285714286],[-7.142857142857143],LibLeft
/u/kingdomofnewderpia,[-6.666666666666667],[-10.0],LibLeft
/u/kinglyransom,[9.940119760479043],[9.880239520958083],AuthRight
/u/kirasandwich,[0.03289473684210526],[-9.901315789473685],LeftUnity
/u/kirbywarrior12,[-9.937888198757763],[-10.0],LibLeft
/u/kjvw,[0.5167173252279635],[-9.209726443768997],LeftUnity
/u/klangmat,[-10.0],[10.0],LibRight
/u/klitzysole9-1,[-9.599083619702176],[5.486827033218786],LibRight
/u/knightb4,[0.010660980810234541],[-9.477611940298507],LeftUnity
/u/krums2211,[-2.3333333333333335],[-2.6666666666666665],Centrist
/u/kryptosis,[-0.11278195488721804],[-9.24812030075188],LeftUnity
/u/k-tech2,[-9.67976710334789],[9.592430858806404],LibRight
/u/l0l303,[-0.20723387823400696],[-7.2210065645514225],LeftUnity
/u/laidbackeconomist,[1.2777053455019556],[4.55019556714472],RightUnity
/u/laid-back-lesbian,[-0.10452961672473868],[-7.770034843205575],LeftUnity
/u/larkeyyy,[-1.2449799196787148],[-9.116465863453815],LeftUnity
/u/laskeo,[4.920634920634921],[-10.0],AuthLeft
/u/Laskeo,[5.584415584415584],[-10.0],AuthLeft
/u/LastFreeName436,[0.5100896860986547],[-9.977578475336323],LeftUnity
/u/laterallyhitler,[-0.3202195791399817],[-8.348581884720952],LeftUnity
/u/leadbaptist,[0.02004008016032064],[-9.318637274549099],LeftUnity
/u/Leaf-Currency,[0.0005513895015438906],[-9.853330392589324],LeftUnity
/u/lebronsuxatballs,[4.307304785894207],[7.632241813602015],AuthRight
/u/legosharkdan,[-10.0],[10.0],LibRight
/u/lemoncholly,[1.6071428571428572],[-8.714285714285714],LeftUnity
/u/leninsrighttoe,[-3.6344969199178645],[-10.0],LibLeft
/u/leosamangos,[-10.0],[10.0],LibRight
/u/lightupduckmustache,[0.625],[6.25],RightUnity
/u/lil_mozart,[0.9538461538461539],[-9.938461538461539],LeftUnity
/u/lilyisdead,[-7.815013404825737],[-9.222520107238607],LibLeft
/u/limabear1235,[-0.4166666666666667],[-7.5],LeftUnity
/u/literallykillmeemma,[-0.4012539184952978],[-9.87460815047022],LeftUnity
/u/LittleRedLamps,[1.4285714285714286],[-7.142857142857143],LeftUnity
/u/llhati,[3.1125827814569536],[4.304635761589404],AuthRight
/u/LLHati,[3.033333333333333],[4.333333333333333],AuthRight
/u/lojm,[-0.72],[-1.92],Centrist
/u/lordmegatron01,[6.205128205128205],[9.179487179487179],AuthRight
/u/lordofchortles,[0.6666666666666666],[-2.0],Centrist
/u/lordthat100188,[4.0594059405940595],[2.277227722772277],AuthUnity
/u/lost_smoking_snake,[9.556451612903226],[9.35483870967742],AuthRight
/u/lpflore,[8.157894736842104],[-10.0],AuthLeft
/u/lt_dan13,[9.886685552407933],[9.830028328611897],AuthRight
/u/Lunatcharsky,[6.085409252669039],[-9.430604982206406],AuthLeft
/u/lyamc,[-1.25],[-1.25],Centrist
/u/macaneney,[0.01078167115902965],[-9.978436657681941],LeftUnity
/u/magiccooki3,[-5.0],[5.0],LibRight
/u/malos_kain,[9.88517745302714],[9.88517745302714],AuthRight
/u/mappleyard,[3.6893203883495147],[6.699029126213592],AuthRight
/u/marcuszodiak1,[0.6792452830188679],[3.969811320754717],RightUnity
/u/marslowell,[0.649458784346378],[-9.816819317235637],LeftUnity
/u/massivemd,[9.400630914826499],[9.684542586750789],AuthRight
/u/master11739,[9.395348837209303],[8.883720930232558],AuthRight
/u/master-hacker,[-1.9663482104662768],[-9.888777983744475],LeftUnity
/u/masterofbinary,[-0.11235955056179775],[-9.887640449438202],LeftUnity
/u/mathewmurdock,[-0.31365313653136534],[-9.987084870848708],LeftUnity
/u/matiasA80,[-6.666666666666667],[8.333333333333334],LibRight
/u/matphones,[9.803921568627452],[9.764705882352942],AuthRight
/u/Mausers_n_Mayhem_98,[-10.0],[10.0],LibRight
/u/MaximumClorox,[2.5],[-8.333333333333334],LeftUnity
/u/mcomghall,[-10.0],[-10.0],LibLeft
/u/memeinator123,[-7.125],[-9.9],LibLeft
/u/memewatcher3,[-6.279491833030853],[7.586206896551724],LibRight
/u/mercurial9,[0.17964071856287425],[-9.820359281437126],LeftUnity
/u/metallhengst,[-4.369034994697773],[-9.936373276776246],LibLeft
/u/mic_wazuki,[4.487004103967168],[8.714090287277703],AuthRight
/u/michael_huntington,[9.325153374233128],[9.325153374233128],AuthRight
/u/michael_mayhem0,[3.6090225563909772],[4.2105263157894735],AuthRight
/u/michaelboughen,[-4.285714285714286],[-9.047619047619047],LibLeft
/u/michaelmayhem0,[-8.148148148148149],[-8.148148148148149],LibLeft
/u/miclowgunman,[-1.2461059190031152],[-7.196261682242991],LeftUnity
/u/midelus,[5.43859649122807],[-10.0],AuthLeft
/u/migeul55,[1.509433962264151],[7.3584905660377355],RightUnity
/u/mikepencil69_v2,[-5.161290322580645],[7.536656891495602],LibRight
/u/mikewillterminate,[-5.863539445628998],[7.356076759061834],LibRight
/u/mikhailg0rbachev,[0.7142857142857143],[2.857142857142857],Centrist
/u/Milo359,[0.018018018018018018],[-9.963963963963964],LeftUnity
/u/misoriyu,[-4.166666666666667],[-10.0],LibLeft
/u/mlg_dog420,[2.625],[-9.14],LeftUnity
/u/mom_dropped_me,[-1.8350848827809216],[-9.644300727566694],LeftUnity
/u/mongladash,[-0.3106936416184971],[-9.985549132947977],LeftUnity
/u/monkey_puzzle_1312,[0.21613222206526345],[-9.994349484390451],LeftUnity
/u/morbid42,[-7.894736842105263],[7.631578947368421],LibRight
/u/MORBID42,[1.2432432432432432],[8.702702702702704],RightUnity
/u/more_walk,[-1.7241379310344827],[-9.36339522546419],LeftUnity
/u/Mortimier,[-4.612676056338028],[4.929577464788732],LibRight
/u/mountieredflash,[-2.9411764705882355],[-2.9411764705882355],Centrist
/u/mr_wrong_think,[6.810399492707673],[9.78440076093849],AuthRight
/u/mrbobbuilder,[8.153846153846153],[9.846153846153847],AuthRight
/u/mrmetalfreak94,[-2.1621621621621623],[-8.108108108108109],LeftUnity
/u/mrmspaint2004,[-9.130434782608695],[9.130434782608695],LibRight
/u/mrnoobomnenie,[-9.34010152284264],[-9.932318104906937],LibLeft
/u/mrpopanz,[1.1398963730569949],[1.3989637305699483],Centrist
/u/mrtightwad,[-2.5508044030482644],[-9.864521591871295],LeftUnity
/u/MrToasterWaffles7574,[9.798657718120806],[9.731543624161073],AuthRight
/u/MrYums23,[2.131849315068493],[4.409246575342466],RightUnity
/u/murdrad,[-9.770773638968482],[9.770773638968482],LibRight
/u/muricaball76,[-2.8223684210526314],[-9.427631578947368],LeftUnity
/u/must_consume_bacon,[-0.8757961783439491],[-9.98407643312102],LeftUnity
/u/mypoliticalaccount_,[4.0],[-10.0],AuthLeft
/u/mysticping,[6.442417331812999],[-9.783352337514254],AuthLeft
/u/n0lifeismylife,[-8.22214696918388],[9.735861835421606],LibRight
/u/n0name010,[-10.0],[10.0],LibRight
/u/N7Batman,[-3.1627155172413794],[2.101293103448276],LibUnity
/u/naked_short,[1.6051660516605166],[1.7527675276752768],Centrist
/u/nationalist_moose,[8.338278931750741],[9.70326409495549],AuthRight
/u/neatlyscotched,[-6.153846153846154],[2.3076923076923075],LibUnity
/u/necroreefer,[1.2650930055476994],[-9.401718699010116],LeftUnity
/u/neivilo,[-9.714285714285714],[9.428571428571429],LibRight
/u/neodestiny,[-0.6093189964157706],[-0.17921146953405018],Centrist
/u/neverknownasgreg,[0.47696038803556995],[2.5141471301535976],Centrist
/u/NeverKnownAsGreg,[0.41429731925264013],[2.6320064987814784],Centrist
/u/Newthinker,[-1.9724220623501199],[-9.364508393285371],LeftUnity
/u/nibiyabi,[1.4064327485380117],[-9.853801169590643],LeftUnity
/u/nicolasname,[0.45478036175710596],[-7.10594315245478],LeftUnity
/u/nikkiiiiiiiiiiiiiii,[-0.9559653744824991],[-9.856981558148288],LeftUnity
/u/nikkkkkkkyv,[-3.3333333333333335],[3.3333333333333335],LibRight
/u/ninetales53,[1.3888888888888888],[-9.62962962962963],LeftUnity
/u/nlggaballs666,[8.461538461538462],[6.923076923076923],AuthRight
/u/no_touching__lol,[-0.0038028597505324006],[-9.89199878308488],LeftUnity
/u/nocreative-username,[5.641025641025641],[4.358974358974359],AuthRight
/u/noideawhatoput2,[5.0],[-2.5],AuthUnity
/u/Nomekop777,[8.26086956521739],[8.26086956521739],AuthRight
/u/nonironicusername,[0.3333333333333333],[-9.333333333333334],LeftUnity
/u/nordr,[4.02493321460374],[-9.931306449561125],AuthLeft
/u/norse_angel,[6.666666666666667],[-4.666666666666667],AuthLeft
/u/notagiantdolphin,[-2.2916666666666665],[10.0],RightUnity
/u/not-a-maarite,[-9.723926380368098],[-10.0],LibLeft
/u/notapoliticalaccount,[-1.8],[-0.4],Centrist
/u/notastatist,[0.2803738317757009],[9.501557632398754],RightUnity
/u/notatrashaccount1234,[-0.15717092337917485],[-8.762278978388998],LeftUnity
/u/nullablethought,[-1.0821133036282622],[-8.95607893061744],LeftUnity
/u/nwordcountbot,[-0.373134328358209],[-9.850746268656716],LeftUnity
/u/OccasionalBassist,[0.5699481865284974],[-9.965457685664939],LeftUnity
/u/official_cyprusball,[1.509433962264151],[7.3584905660377355],RightUnity
/u/Official_Cyprusball,[1.509433962264151],[7.3584905660377355],RightUnity
/u/oldcarfreddy,[-0.6019261637239165],[-8.595505617977528],LeftUnity
/u/onnion,[-8.876889848812095],[8.876889848812095],LibRight
/u/ooh-ahh-,[9.710144927536232],[-9.710144927536232],AuthLeft
/u/oprahspinfree,[0.010351966873706004],[-9.979296066252587],LeftUnity
/u/overcatastrophe,[5.148514851485149],[-10.0],AuthLeft
/u/paenusbreth,[-3.194488945850689],[-9.9967958987504],LibLeft
/u/paladin-arda,[-4.463414634146342],[-9.544715447154472],LibLeft
/u/pally123,[-3.707317073170732],[5.512195121951219],LibRight
/u/palmul,[5.403225806451613],[-10.0],AuthLeft
/u/panragon,[-0.4196519959058342],[0.7471852610030706],Centrist
/u/pantry_inspector,[0.5555555555555556],[-7.407407407407407],LeftUnity
/u/papastump90,[7.246376811594203],[7.536231884057971],AuthRight
/u/paralixis,[-5.11400651465798],[-10.0],LibLeft
/u/parksbrit,[0.23404255319148937],[-1.9361702127659575],Centrist
/u/pasta4u,[0.14869888475836432],[6.91449814126394],RightUnity
/u/patrom88,[2.73989898989899],[-9.292929292929292],LeftUnity
/u/pdoge03,[-0.7142857142857143],[2.857142857142857],Centrist
/u/peerkegerard,[-0.5286343612334802],[0.1762114537444934],Centrist
/u/penelope_reddit,[-5.406360424028269],[0.8362779740871613],LibUnity
/u/Peter_Parkingmeter,[-7.570093457943925],[-2.710280373831776],LibUnity
/u/phanpy100,[0.5086580086580087],[-2.619047619047619],Centrist
/u/phantomgir,[3.3333333333333335],[-3.3333333333333335],AuthLeft
/u/pinkamena_r_d_pie,[0.008532423208191127],[-8.860921501706486],LeftUnity
/u/pinkkchampagne,[-2.3624288425047437],[-2.3719165085388996],Centrist
/u/pkflashomega,[0.10101010101010101],[-9.797979797979798],LeftUnity
/u/plasmaburnz,[8.683385579937305],[9.717868338557993],AuthRight
/u/-playboi,[0.024509803921568627],[-9.901960784313726],LeftUnity
/u/pluto258,[-7.647058823529412],[5.294117647058823],LibRight
/u/pm_me_lewd_shit,[6.793321819228555],[9.199769717904433],AuthRight
/u/PM_ME_UR_YARD_GIRL,[8.577311868214151],[9.74166978659678],AuthRight
/u/PogoTheDeathClown,[-1.6127061698228466],[-9.236408063530849],LeftUnity
/u/PolCompBot,[-0.8571428571428571],[-1.7142857142857142],Centrist
/u/poly_meh,[-9.513184584178498],[9.594320486815416],LibRight
/u/poopchute53,[-0.03558718861209965],[-9.976275207591934],LeftUnity
/u/pootabo,[3.3333333333333335],[10.0],AuthRight
/u/posiedonpwns,[0.1935483870967742],[5.935483870967742],RightUnity
/u/postmemedump,[7.333931777378815],[-9.76660682226212],AuthLeft
/u/pp86,[-9.579831932773109],[-9.663865546218487],LibLeft
/u/Prcrstntr,[7.608040201005025],[9.035175879396984],AuthRight
/u/predator_hicks,[1.1764705882352942],[-7.352941176470588],LeftUnity
/u/PrettyPinkPansi,[0.5882352941176471],[-8.823529411764707],LeftUnity
/u/prideandpower,[10.0],[10.0],AuthRight
/u/primalcookie,[9.625],[9.25],AuthRight
/u/PrimaxAUS,[-0.23255813953488372],[3.0232558139534884],RightUnity
/u/princess_prodhounin,[6.675705448690789],[-5.757986611304127],AuthLeft
/u/privilegedbastard,[-0.7391304347826086],[-9.942028985507246],LeftUnity
/u/prodmorii,[-8.20754716981132],[9.30817610062893],LibRight
/u/properjimmy,[9.46753853339561],[9.065857076132648],AuthRight
/u/protocoljustice,[0.005327650506126798],[-8.444326052210975],LeftUnity
/u/Prussianblue42,[-0.8333333333333334],[-8.800813008130081],LeftUnity
/u/psone-pstwo,[-7.456647398843931],[10.0],LibRight
/u/purpsthedragon,[2.706422018348624],[4.4495412844036695],RightUnity
/u/Pyll,[-0.2247191011235955],[0.26217228464419473],Centrist
/u/pyrio666,[-0.17699115044247787],[-9.646017699115044],LeftUnity
/u/PyroVoyager,[-0.03309597833717782],[-8.17671246615184],LeftUnity
/u/qbek-san,[-3.75],[-2.5],LibUnity
/u/queenrowana,[9.94475138121547],[9.933701657458563],AuthRight
/u/r1verrr,[0.3448275862068966],[-9.080459770114942],LeftUnity
/u/rafadavidc,[0.07246376811594203],[-9.855072463768115],LeftUnity
/u/ragingcleric,[-0.11802823420504513],[-0.37491321453367277],Centrist
/u/rainkinginchains,[-7.540983606557377],[-9.781420765027322],LibLeft
/u/Randomxenomorph,[5.0],[-10.0],AuthLeft
/u/rapi187,[7.902251510159253],[6.880834706205381],AuthRight
/u/rawrkanos_michael,[-9.654207983727435],[-9.654207983727435],LibLeft
/u/raynecloud21,[-0.5340873389883758],[-9.673264216148288],LeftUnity
/u/rdococ,[-0.2982107355864811],[-9.00596421471173],LeftUnity
/u/readsstuff,[-10.0],[-10.0],LibLeft
/u/rear4ssault,[-0.04151838671411625],[-9.347568208778172],LeftUnity
/u/redditorclo,[-6.4393939393939394],[3.0303030303030303],LibRight
/u/--Reddit--Username--,[-7.816593886462882],[7.903930131004367],LibRight
/u/redtoke,[1.0483870967741935],[-9.05241935483871],LeftUnity
/u/relevant-solution,[0.0488997555012225],[1.980440097799511],Centrist
/u/rennerbeast,[-1.2666666666666666],[-9.266666666666667],LeftUnity
/u/Reulorics,[3.630952380952381],[-2.619047619047619],AuthUnity
/u/Rhino2115,[-1.8115942028985508],[7.101449275362318],RightUnity
/u/richard-roe1999,[0.8465608465608465],[-9.365079365079366],LeftUnity
/u/rightm,[8.753703703703703],[9.485185185185186],AuthRight
/u/rimacutem,[-0.6153846153846154],[2.4615384615384617],Centrist
/u/rob_1089,[10.0],[10.0],AuthRight
/u/rogriloomanero,[-10.0],[10.0],LibRight
/u/rolltighroll,[-2.318271119842829],[2.43614931237721],Centrist
/u/romainvicta2206,[3.7711864406779663],[2.9661016949152543],AuthUnity
/u/roxxagon,[-0.5111402359108781],[-9.580602883355176],LeftUnity
/u/rufashaw,[0.08902077151335312],[-9.540059347181009],LeftUnity
/u/ryder5227,[-6.2552011095700415],[-7.198335644937587],LibLeft
/u/ryrythe3rd,[-9.446808510638299],[9.74468085106383],LibRight
/u/sa1gh,[6.616915422885572],[9.054726368159203],AuthRight
/u/sabatonsungwrong,[7.6923076923076925],[5.384615384615385],AuthRight
/u/sali_bean,[4.217252396166134],[4.2492012779552715],AuthRight
/u/SaltandCopy,[3.4285714285714284],[-6.110599078341014],AuthLeft
/u/salty_speedster,[6.2934730824202],[-9.971414959504527],AuthLeft
/u/SAMAS_zero,[0.31],[-9.3],LeftUnity
/u/samkz3,[-6.541353383458647],[5.639097744360902],LibRight
/u/sammykaiser,[-0.2127659574468085],[7.0212765957446805],RightUnity
/u/samrojas69,[-6.704119850187266],[9.400749063670412],LibRight
/u/sans_cipher,[-0.046296296296296294],[3.0555555555555554],RightUnity
/u/satiristicwretch,[-6.063268892794376],[-9.648506151142355],LibLeft
/u/SavageMarlin,[-5.833333333333333],[5.0],LibRight
/u/scifiburrito,[-6.371681415929204],[-1.8584070796460177],LibUnity
/u/sciwins,[-7.871443624868283],[-9.873551106427819],LibLeft
/u/scoobifucka,[0.4864864864864865],[2.7567567567567566],Centrist
/u/scottishtorment,[-0.33371363377067886],[-9.566457501426127],LeftUnity
/u/sea_of_blue,[0.2115469369766417],[-9.8237108858528],LeftUnity
/u/seattlebrand,[-0.06369426751592357],[-9.872611464968152],LeftUnity
/u/sedatemenow,[0.9505703422053232],[-9.125475285171103],LeftUnity
/u/semi-time7,[-9.090909090909092],[10.0],LibRight
/u/senor_flojo,[-0.684931506849315],[10.0],RightUnity
/u/sensitive-you,[-5.570539419087137],[5.580912863070539],LibRight
/u/setmyclocksearly,[-5.7176470588235295],[-10.0],LibLeft
/u/SevenBall,[-3.204951856946355],[-3.782668500687758],LibLeft
/u/sforastwora,[-1.1397058823529411],[-1.1764705882352942],Centrist
/u/ShahanshahShami,[0.04871711594673595],[-9.801883728483274],LeftUnity
/u/shanewoody,[0.43478260869565216],[-9.130434782608695],LeftUnity
/u/shaun_brender,[-5.044563279857398],[9.696969696969697],LibRight
/u/shawn_666,[-3.675564681724846],[-6.447638603696099],LibLeft
/u/Shirakawasuna,[-0.0010198878123406426],[-9.928607853136155],LeftUnity
/u/shocking,[4.9552772808586765],[-9.856887298747765],AuthLeft
/u/shortyman93,[-1.1627906976744187],[-7.674418604651163],LeftUnity
/u/showmeanus,[6.428571428571429],[7.142857142857143],AuthRight
/u/shownoreddit,[4.510076441973593],[-9.861014593467686],AuthLeft
/u/shwiftyget,[5.673616680032077],[9.2542101042502],AuthRight
/u/SineWavess,[7.1872931833223035],[9.272005294506949],AuthRight
/u/sinsmi,[0.4166666666666667],[-9.86111111111111],LeftUnity
/u/Sir_Llama_III,[2.3728813559322033],[7.627118644067797],RightUnity
/u/SirCupOfTea,[6.804597701149425],[-9.340996168582375],AuthLeft
/u/sirjohnbob,[9.58041958041958],[8.741258741258742],AuthRight
/u/SirQuixano,[8.19047619047619],[8.19047619047619],AuthRight
/u/sittes,[-2.6048565121412803],[1.5452538631346577],Centrist
/u/sixtusclegane119,[0.758873929008568],[-9.975520195838433],LeftUnity
/u/sizzleboi1,[-3.701657458563536],[8.508287292817679],LibRight
/u/SJWcucksoyboy,[-1.1637630662020906],[2.2439024390243905],Centrist
/u/slim_just_left_town,[0.6083650190114068],[-0.07604562737642585],Centrist
/u/slouchingtoelysium,[-9.281045751633988],[9.215686274509803],LibRight
/u/slowjay11,[-5.243511227763197],[-8.996792067658209],LibLeft
/u/slurmpnurmp,[-0.2777777777777778],[-8.333333333333334],LeftUnity
/u/smanebane,[2.5],[2.5],Centrist
/u/smelly_squid,[8.467153284671532],[-3.4306569343065694],AuthLeft
/u/smitesfan,[-0.8192620387742339],[-9.83739837398374],LeftUnity
/u/snaykerino,[4.642857142857143],[4.571428571428571],AuthRight
/u/sodadonut,[-9.082125603864734],[9.033816425120772],LibRight
/u/Soft-Gwen,[0.005802146794313896],[-9.585146504206556],LeftUnity
/u/solartice,[-0.40181956027293403],[-9.98483699772555],LeftUnity
/u/sonaclyaboutlife76,[-0.0488997555012225],[-9.877750611246944],LeftUnity
/u/sontagwrong,[8.620689655172415],[7.241379310344827],AuthRight
/u/soodedoisegoowow,[-7.71353482260184],[-9.921156373193167],LibLeft
/u/sorrymisunderstandin,[1.0221847795563044],[-9.567537208649256],LeftUnity
/u/sothisisabadusername,[8.034420289855072],[8.75],AuthRight
/u/spacepanther17,[-0.26612539467749213],[-8.755074424898512],LeftUnity
/u/spez,[-9.084403168533187],[-8.346899754165529],LibLeft
/u/splizzy29,[0.05829770695685969],[-9.854903484907371],LeftUnity
/u/Splotzker,[7.573891625615763],[7.6600985221674875],AuthRight
/u/spoofedd,[10.0],[-10.0],AuthLeft
/u/Spreehox,[-4.375],[1.25],LibUnity
/u/spreehox,[-4.375],[1.25],LibUnity
/u/ssccoottttyy,[-1.9341563786008231],[-8.491083676268861],LeftUnity
/u/stannissas,[3.4731543624161074],[-4.714765100671141],AuthLeft
/u/statlerbyrd,[-1.08681119281826],[-9.298061312195587],LeftUnity
/u/stealingyohentai,[-0.12890094979647218],[-9.755766621438264],LeftUnity
/u/steamtrainboi,[2.588996763754045],[7.411003236245954],RightUnity
/u/still_mountain,[2.610169491525424],[2.610169491525424],Centrist
/u/str8_0uttarehab,[-7.741935483870968],[5.483870967741935],LibRight
/u/strainertrainer,[9.2],[-10.0],AuthLeft
/u/subjectkitchen,[-5.4],[-4.8],LibLeft
/u/succ_semper_tyrannis,[-0.23000343288705802],[-0.32612427051150017],Centrist
/u/suicideaintabadthing,[-0.1836075205640423],[-9.795828437132785],LeftUnity
/u/SupaFugDup,[-1.81754138781261],[-9.795702712222614],LeftUnity
/u/supercelt90,[10.0],[10.0],AuthRight
/u/swad42,[0.056022408963585436],[8.655462184873949],RightUnity
/u/swiftestcat,[-9.27536231884058],[8.695652173913043],LibRight
/u/sylva16,[10.0],[10.0],AuthRight
/u/sym_bian,[-9.870967741935484],[9.870967741935484],LibRight
/u/syryquil,[0.32040472175379425],[-9.898819561551434],LeftUnity
/u/TallyTom73,[0.22142214221422143],[-9.8991899189919],LeftUnity
/u/tarka_d0_sera,[4.2105263157894735],[4.135338345864661],AuthRight
/u/tastychuncks,[-8.076923076923077],[6.153846153846154],LibRight
/u/taxfreenukes,[-10.0],[10.0],LibRight
/u/teejaydawg,[-10.0],[-10.0],LibLeft
/u/tehwarriorjr,[-4.027504911591356],[7.288801571709234],LibRight
/u/TehWarriorJr,[-4.148296593186373],[7.474949899799599],LibRight
/u/temporalrenegade,[-0.13574660633484162],[-9.004524886877828],LeftUnity
/u/tenerific,[-5.1692307692307695],[8.892307692307693],LibRight
/u/TENTAtheSane,[5.298804780876494],[-3.7051792828685257],AuthLeft
/u/thatfishyyguy,[-4.242424242424242],[-7.2727272727272725],LibLeft
/u/thatscalyfish,[9.361702127659575],[8.72340425531915],AuthRight
/u/thatsocialistdm,[-5.6120826709062],[-10.0],LibLeft
/u/the_demon_gamer,[0.2777777777777778],[6.111111111111111],RightUnity
/u/the_horse_gamer,[-1.2080536912751678],[-9.865771812080537],LeftUnity
/u/the_sickodome,[1.2820512820512822],[8.493589743589743],RightUnity
/u/the_spacecadet_,[-0.7037374658158614],[-9.97447584320875],LeftUnity
/u/the1987redfox,[-0.005978477481068154],[-9.984057393383818],LeftUnity
/u/the-anywhere-man,[1.8181818181818181],[0.9090909090909091],Centrist
/u/thebest_day2030,[-0.35],[0.8],Centrist
/u/thebigmassive,[6.216814159292035],[5.619469026548672],AuthRight
/u/thecolorofsight,[0.08517887563884156],[-2.4190800681431006],Centrist
/u/thecoub,[-0.031446540880503145],[-9.119496855345911],LeftUnity
/u/thedogerus,[-0.7166123778501629],[-7.198697068403908],LeftUnity
/u/thedunceonmaster,[2.8813559322033897],[3.2203389830508473],RightUnity
/u/TheElectricHead7410,[-1.7350928641251222],[-9.843597262952102],LeftUnity
/u/TheGoldenChampion,[1.4814814814814814],[-9.670781893004115],LeftUnity
/u/thegoldenchampion,[1.2698412698412698],[-9.682539682539682],LeftUnity
/u/TheHairofSlytherin,[-3.7333333333333334],[-5.822222222222222],LibLeft
/u/thehairofslytherin,[-3.2508833922261484],[-6.678445229681979],LibLeft
/u/thehazardball,[0.7657657657657657],[-9.144144144144144],LeftUnity
/u/theidealman,[1.7307692307692308],[8.076923076923077],RightUnity
/u/theironbank,[10.0],[-10.0],AuthLeft
/u/thelambda89,[0.42016806722689076],[-9.159663865546218],LeftUnity
/u/themadpyro,[-2.681318681318681],[-7.4945054945054945],LeftUnity
/u/-themastersoldier-,[-8.571428571428571],[7.142857142857143],LibRight
/u/TheMemeArcheologist,[0.1926782273603083],[-7.398843930635838],LeftUnity
/u/TheMightyJ225,[0.625],[-7.5],LeftUnity
/u/theoneandonly06,[-10.0],[-10.0],LibLeft
/u/therealbrummy,[-2.075623491552695],[-9.509251810136766],LeftUnity
/u/The-Real-Darklander,[0.639269406392694],[-7.351598173515982],LeftUnity
/u/therealmouserat,[-0.06711409395973154],[-9.865771812080537],LeftUnity
/u/theredtide935,[10.0],[10.0],AuthRight
/u/theredwoodcurtain,[-1.1842852276598161],[-9.929601453389349],LeftUnity
/u/theretp2016,[0.1906058543226685],[-8.631722260040844],LeftUnity
/u/therollingpeepstones,[-0.18612521150592218],[-9.915397631133672],LeftUnity
/u/thesnailgetsbetter2,[0.03179650238473768],[-9.109697933227345],LeftUnity
/u/thewalmartofpeople,[0.31724137931034485],[-9.972413793103449],LeftUnity
/u/this_upset_kirby,[2.0],[-2.0],Centrist
/u/thisisaplate,[9.12087912087912],[8.241758241758241],AuthRight
/u/thisismyredname,[-9.166666666666666],[-9.91869918699187],LibLeft
/u/thorg9,[-10.0],[10.0],LibRight
/u/thotslayer4727,[6.428571428571429],[9.464285714285714],AuthRight
/u/Thotslayer4727,[6.548672566371682],[9.469026548672566],AuthRight
/u/thousandbucksamonth,[0.040997608472839085],[-1.12230953194397],Centrist
/u/threadretributionist,[-2.057900244157656],[-9.986048133937913],LeftUnity
/u/tiggertom66,[-7.796610169491525],[7.11864406779661],LibRight
/u/Tinfist_,[-6.684410646387833],[-9.939163498098859],LibLeft
/u/tipobajito,[6.749379652605459],[4.838709677419355],AuthRight
/u/tomlangford,[-0.20817562452687358],[-9.288417865253596],LeftUnity
/u/Tommy6758,[10.0],[-9.6875],AuthLeft
/u/tommy6758,[10.0],[-9.6875],AuthLeft
/u/Totally-A-Dragon,[-2.7450980392156863],[1.3725490196078431],Centrist
/u/tovarishspb,[8.0],[-10.0],AuthLeft
/u/tpcobra,[-7.580645161290323],[7.903225806451613],LibRight
/u/trashiboii,[0.6024096385542169],[4.9397590361445785],RightUnity
/u/trilandian,[9.88888888888889],[9.88888888888889],AuthRight
/u/trileon,[0.0033613445378151263],[-9.112605042016806],LeftUnity
/u/trixofthetrade,[0.05085361423901199],[-0.10533962949509626],Centrist
/u/Trombonist12,[-9.240506329113924],[9.831223628691983],LibRight
/u/trotoson,[-0.23459493274945262],[-9.70910228339068],LeftUnity
/u/trouxso,[3.22],[9.92],AuthRight
/u/true-fanLLL,[-2.982456140350877],[-2.982456140350877],Centrist
/u/tunkkisoffinland,[-10.0],[10.0],LibRight
/u/turdcrapily,[9.000708717221828],[9.000708717221828],AuthRight
/u/tweissert,[6.041666666666667],[-10.0],AuthLeft
/u/tynox01,[0.04504504504504504],[-2.0720720720720722],Centrist
/u/ucantharmagoodwoman,[1.6008105369807497],[-9.55420466058764],LeftUnity
/u/uhhh206,[-4.242424242424242],[-1.3636363636363635],LibUnity
/u/Ulfurson,[-3.097826086956522],[7.934782608695652],LibRight
/u/ulrich_schnauss,[6.666666666666667],[3.3333333333333335],AuthRight
/u/umar_johor,[0.5722070844686649],[9.618528610354224],RightUnity
/u/unboxedicecream,[5.767284991568297],[5.590219224283305],AuthRight
/u/unclemoustache,[-0.004452359750667854],[-0.39180765805877116],Centrist
/u/undeadman141,[0.5113636363636364],[-1.5909090909090908],Centrist
/u/unluckyparadox,[-1.048689138576779],[-1.6104868913857677],Centrist
/u/unlwest,[-1.3513513513513513],[5.225225225225225],RightUnity
/u/Unpredictabru,[10.0],[10.0],AuthRight
/u/Unscarred204,[-7.317073170731708],[5.365853658536586],LibRight
/u/untakenu,[3.2508833922261484],[-3.498233215547703],AuthLeft
/u/upcomingdaddy,[3.809148264984227],[-2.3501577287066246],AuthUnity
/u/urban-bang,[10.0],[10.0],AuthRight
/u/UristTheChampion,[8.538732394366198],[-8.838028169014084],AuthLeft
/u/ursidon,[-0.3819444444444444],[-9.108796296296296],LeftUnity
/u/urwelcome4yerfreedom,[-4.666666666666667],[6.5],LibRight
/u/userleansbot,[-3.0258899676375406],[1.4724919093851132],LibUnity
/u/username8888,[2.2413793103448274],[0.6896551724137931],Centrist
/u/userse31,[6.6923076923076925],[-9.711538461538462],AuthLeft
/u/v01d16,[-10.0],[-10.0],LibLeft
/u/vaccuumrolls,[10.0],[10.0],AuthRight
/u/valdamjong,[0.758873929008568],[-9.975520195838433],LeftUnity
/u/Vaporwave02,[-6.3317384370015946],[7.033492822966507],LibRight
/u/vaporwave02,[-7.067773167358229],[8.367911479944675],LibRight
/u/velocister,[2.068062827225131],[4.450261780104712],RightUnity
/u/verbae,[10.0],[10.0],AuthRight
/u/victusperstiti,[-1.5517241379310345],[0.1724137931034483],Centrist
/u/violet_goth,[-7.027027027027027],[-10.0],LibLeft
/u/voiceofthemillenium,[-5.994962216624685],[4.307304785894207],LibRight
/u/vortexzien,[-10.0],[-10.0],LibLeft
/u/vtek9000,[-9.669421487603305],[9.669421487603305],LibRight
/u/vursah_irl,[1.2162162162162162],[7.4324324324324325],RightUnity
/u/wallyfrank,[-6.96969696969697],[8.181818181818182],LibRight
/u/wasdlmb,[8.153846153846153],[-9.461538461538462],AuthLeft
/u/WeakMenBadTimes,[10.0],[10.0],AuthRight
/u/weaver900,[-2.5129533678756477],[-9.598445595854923],LeftUnity
/u/wertercatt,[-2.5316455696202533],[-9.40928270042194],LeftUnity
/u/WheeeeeThePeople,[7.0588235294117645],[9.635486981677918],AuthRight
/u/wirerat,[9.85981308411215],[9.719626168224298],AuthRight
/u/wizard_of_woz,[-0.015391380826737027],[-0.08135444151275285],Centrist
/u/Wolf3500,[9.731285988483686],[9.82725527831094],AuthRight
/u/WrenAndPeter,[9.082568807339449],[10.0],AuthRight
/u/WuhanFlu4U,[-4.444444444444445],[4.444444444444445],LibRight
/u/wwhandsome,[9.89247311827957],[-0.967741935483871],AuthUnity
/u/xingangsurfer,[-6.666666666666667],[3.3333333333333335],LibRight
/u/Xx_JUAN_TACO_xX,[0.8270676691729323],[-9.382384532760472],LeftUnity
/u/xzilinov,[-4.149659863945578],[-4.35374149659864],LibLeft
/u/Y1ff,[6.815165876777251],[-9.867298578199053],AuthLeft
/u/yeahitsamber,[-9.951573849878935],[9.951573849878935],LibRight
/u/yebito2808,[5.059760956175299],[7.131474103585657],AuthRight
/u/yeeght,[-1.6666666666666667],[9.885057471264368],RightUnity
/u/yeetemeister,[-10.0],[10.0],LibRight
/u/yep123456789,[-0.2572347266881029],[-7.7491961414791],LeftUnity
/u/yoursupremeleaderr,[0.06465517241379311],[-8.10344827586207],LeftUnity
/u/ytm96,[-10.0],[10.0],LibRight
/u/yyay__,[-2.487562189054726],[-9.104477611940299],LeftUnity
/u/zander345,[0.4867573371510379],[-8.661417322834646],LeftUnity
/u/Zaru_Starru,[-6.312138728323699],[-9.976878612716764],LibLeft
/u/Zarzurnabas,[0.08264462809917356],[-9.75206611570248],LeftUnity
/u/zaxldaisy,[-6.715176715176715],[-9.45945945945946],LibLeft
/u/zee220,[10.0],[10.0],AuthRight
/u/zekkaos,[9.402061855670103],[10.0],AuthRight
/u/zekromnlr,[-6.884844242212111],[-9.985999299964998],LibLeft
/u/zoidbergworshipper,[0.17543859649122806],[-9.649122807017545],LeftUnity
/u/zoingo,[0.1407967032967033],[-9.945054945054945],LeftUnity
/u/zonkrt,[-3.6363636363636362],[3.090909090909091],LibRight
/u/zoroo67,[-3.3222591362126246],[-9.750830564784053],LibLeft
/u/zymos94,[-0.21052631578947367],[-2.4210526315789473],Centrist
